{"cameraMode":{"drawMode":0,"name":"Shaded","section":"Shading Mode"},"sceneLighting":true,"audioPlay":false,"sceneViewState":{"showFog":true,"showMaterialUpdate":false,"showSkybox":true,"showFlares":true,"showImageEffects":true,"showParticleSystems":true},"in2DMode":false,"pivot":{"x":557.234619140625,"y":562.5695190429688,"z":-751.2797241210938},"rotation":{"x":-0.15122836828231812,"y":0.0068310764618217949,"z":-0.0010576620697975159,"w":-0.9885090589523315},"size":462.6537780761719,"orthographic":false}