{"cameraMode":{"drawMode":0,"name":"Shaded","section":"Shading Mode"},"sceneLighting":false,"audioPlay":false,"sceneViewState":{"showFog":true,"showMaterialUpdate":false,"showSkybox":false,"showFlares":true,"showImageEffects":true,"showParticleSystems":true},"in2DMode":false,"pivot":{"x":1.7328917980194092,"y":0.47251319885253909,"z":0.8252410888671875},"rotation":{"x":-0.5553907752037048,"y":-0.20077310502529145,"z":0.14043137431144715,"w":-0.7948675155639648},"size":22.0,"orthographic":false}