{"cameraMode":{"drawMode":0,"name":"Shaded","section":"Shading Mode"},"sceneLighting":true,"audioPlay":false,"sceneViewState":{"showFog":true,"showMaterialUpdate":false,"showSkybox":true,"showFlares":true,"showImageEffects":true,"showParticleSystems":true},"in2DMode":false,"pivot":{"x":-46.02052307128906,"y":72.34000396728516,"z":16.988744735717775},"rotation":{"x":0.38197535276412966,"y":0.5796123743057251,"z":-0.35305434465408327,"w":0.627622127532959},"size":4.564797401428223,"orthographic":false}