{"cameraMode":{"drawMode":0,"name":"Shaded","section":"Shading Mode"},"sceneLighting":true,"audioPlay":false,"sceneViewState":{"showFog":true,"showMaterialUpdate":false,"showSkybox":true,"showFlares":true,"showImageEffects":true,"showParticleSystems":true},"in2DMode":false,"pivot":{"x":-13.531563758850098,"y":6.302915573120117,"z":21.037729263305665},"rotation":{"x":0.02708551660180092,"y":0.9445618391036987,"z":-0.0794413760304451,"w":0.31858333945274355},"size":15.567601203918457,"orthographic":false}