{"cameraMode":{"drawMode":0,"name":"Shaded","section":"Shading Mode"},"sceneLighting":false,"audioPlay":false,"sceneViewState":{"showFog":true,"showMaterialUpdate":false,"showSkybox":false,"showFlares":true,"showImageEffects":true,"showParticleSystems":true},"in2DMode":false,"pivot":{"x":14.289999961853028,"y":0.6029999256134033,"z":-62.97999954223633},"rotation":{"x":-0.4874610900878906,"y":-0.0615730844438076,"z":0.0327535979449749,"w":-0.8712471127510071},"size":3.6821248531341554,"orthographic":false}